env_steps,mean_reward,std_reward
98304,0.0013762204626606505,0.004537786594781818
196608,0.0036663639347534627,0.009706915476505724
294912,0.010748093740839976,0.029978094167221782
393216,0.01683722597139422,0.04141622722368021
491520,0.01765084132377524,0.03768586661784758
589824,0.01235653736803215,0.031245232752485346
688128,0.03734745022258721,0.0829267273615609
786432,0.031939392142812724,0.06703601355710695
884736,0.045770319551229476,0.08882855549979674
983040,0.03965025455356226,0.06878092861908419
1081344,0.06367289047164376,0.13490953875340597
1179648,0.08160287275386509,0.1369204029217789
1277952,0.04545084500394296,0.06841199108038169
1376256,0.08753006863815244,0.15812831867932575
1474560,0.09388789821183309,0.1564728894463656
1572864,0.1397860272671096,0.21723326477368676
1671168,0.12491330242832191,0.20074564877430204
1769472,0.12305687527288683,0.20327579780457647
1867776,0.17859999205335042,0.2545964265581097
1966080,0.14322432930814102,0.2227802613689923
2064384,0.17497560444986449,0.2568492142924232
2162688,0.20553917468292637,0.2677647412098724
2260992,0.16320109892636536,0.207245903827885
2359296,0.19562959833565402,0.27143053669224576
2457600,0.23273733631707727,0.31549059273300534
2555904,0.24127435163594782,0.3013095122854702
2654208,0.2268618959072046,0.26619713244564636
2752512,0.2504315840394702,0.31763646170927884
2850816,0.34522957599838267,0.41514385120845193
2949120,0.3404129896897939,0.3628751346441161
3047424,0.3537504622130655,0.32280737746122634
3145728,0.34691704873228446,0.41051663870903204
3244032,0.3582782801706344,0.35342364882678845
3342336,0.35969814328476785,0.3551355494743703
3440640,0.45127337920479477,0.4583552540726906
3538944,0.45797302059829237,0.39244007974190986
3637248,0.44956343933008613,0.39286216391911827
3735552,0.4515698376297951,0.4452209359180123
3833856,0.4955098223127425,0.4200827536422467
3932160,0.5199869746249169,0.4538283093900226
4030464,0.48827016152907166,0.43652396026269763
4128768,0.6018703949684278,0.588232553318801
4227072,0.46378854839596895,0.4149654707582611
4325376,0.6249810677953065,0.5682651521294576
4423680,0.5388387421937659,0.5352434082261525
4521984,0.48508030191063883,0.4726509684317905
4620288,0.5631643128488213,0.5596243316183588
4718592,0.4838011588389054,0.4647550850419164
4816896,0.5303746827365831,0.6623889154369567
4915200,0.5970777613203972,0.6083707344617617
5013504,0.5994503538776189,0.6634955486008568
5111808,0.5199791344441473,0.5154443729341781
5210112,0.6732731511443854,0.7278068417267937
5308416,0.6129151873197407,0.7230993726281947
5406720,0.544945984040387,0.5590057731646165
5505024,0.5825221676845104,0.6730351660225925
5603328,0.741799427671358,0.771644540680346
5701632,0.7570008029183373,0.811756395322192
5799936,0.8159199977759272,0.8544994687118973
5898240,0.8501256099017337,0.7313274764621819
5996544,0.9703860137378797,0.8703061913454833
6094848,0.8567475151875987,0.7880754804684421
6193152,0.8106650660932064,0.737361747775114
6291456,0.8965067461505533,0.7962956229141342
6389760,1.0618210033141076,0.9052067687879309
6488064,1.0362512813694775,0.8658824457521399
6586368,0.8746672734851018,0.7922105321625272
6684672,0.9221435970626771,0.8362302996486447
6782976,1.0818194531276821,0.8953421611437872
6881280,1.009287191745825,0.877731706958547
6979584,1.091201006458141,0.9784792323520737
7077888,0.9593642612802796,0.8758445161854537
7176192,1.238725592168048,0.8989644558778065
7274496,1.2676561901718377,0.9030649201313773
7372800,1.2937432075291873,1.0994568578314134
7471104,1.1876937192678452,1.0607065476496145
7569408,1.1991842982498928,0.9842682400294868
7667712,1.4777292761160061,1.0812253798308407
7766016,1.1220379842817783,0.8565162253392362
7864320,1.2975455750897527,0.9838557222102398
7962624,1.274319487772882,0.9323991733603021
8060928,1.515148194329813,1.0153712643559474
8159232,1.2987362544983625,1.0800883379218316
8257536,1.5683520357310772,1.0336126620861803
8355840,1.4414186860062181,1.0717377621109017
8454144,1.5074258184432983,1.124232152680349
8552448,1.4386831952631474,1.0418883291911232
8650752,1.774532851651311,1.1699174755501125
8749056,1.709664735198021,1.1996850032825845
8847360,1.9345263359323144,1.4339730750598398
8945664,1.692446074858308,1.0864574515665595
9043968,1.827536783348769,1.3409645627023483
9142272,1.774680884424597,1.1796473988865632
9240576,1.8127382959425449,1.2321381574660784
9338880,2.0773383488133548,1.2373980915611356
9437184,2.3964656616747377,1.406966945223948
9535488,2.21041254773736,1.1552869337889047
9633792,2.367338183671236,1.4136982643076905
9732096,2.5099807661771774,1.3183719266335725
9830400,2.648701967410743,1.3878676481327703
9928704,2.4389030930399893,1.1423706461093885
10027008,2.572118623331189,1.215355250247144
10125312,3.197584205046296,1.6030236987232434
10223616,2.750604673689231,1.4479167241738344
10321920,3.1914356856700032,1.4007654830212184
10420224,3.21412781894207,1.2307472681321066
10518528,3.169537611156702,1.449917843702778
10616832,3.1782995973527433,1.5259697711637645
10715136,3.410891269445419,1.5090579682053076
10813440,3.4651080179214477,1.4160058353244502
10911744,3.4704922637343407,1.4048801463005716
11010048,3.5874923682957887,1.4214754000991157
11108352,3.812989149168134,1.6259260778311593
11206656,4.108824311159551,1.5904603490882208
11304960,4.013959631323814,1.5675614813188274
11403264,4.2931940959393975,1.6016655373386155
11501568,4.227274498194456,1.6141751154322588
11599872,4.361485007256269,1.644971491133242
11698176,4.702993936389685,1.6703817547254578
11796480,4.5723615742847326,1.7404724715402633
11894784,5.130885058417916,1.6436290816468149
11993088,5.128284373581409,1.589547542606596
12091392,5.202033282518387,1.758790441614384
12189696,4.843929351493716,1.9523498719755423
12288000,5.1994904961436985,1.9822439874055289
12386304,5.270652408152818,1.9319831051378489
12484608,5.788850849568844,1.7886495945845238
12582912,5.685785105610266,1.8167125070442502
12681216,6.070611745119095,1.6080617458633397
12779520,6.18157934486866,1.8764164789458702
12877824,6.127636948823929,1.937503672677853
12976128,6.33826376914978,1.6088826918419894
13074432,6.744840475320816,1.8027458804491445
13172736,6.506510860323906,1.662243730105398
13271040,6.586294543743134,1.7536640233981253
13369344,6.822925120862201,2.2633572428658555
13467648,6.897935129404068,1.7608241737770522
13565952,7.163884419202804,2.0123541587338223
13664256,7.140439299345016,2.040918817041356
13762560,7.1468084216117855,2.1818590038989796
13860864,7.537801484465599,1.9133927594531022
13959168,8.009724967479706,1.865271968457338
14057472,7.985062947273255,2.0280983491768816
14155776,8.160753667354584,2.069104587947561
14254080,8.234535721540452,2.0280223316205443
14352384,8.157522134780884,2.3924690005014893
14450688,8.567552061080933,1.8721985718430787
14548992,8.607975707054138,1.8328903421012914
14647296,8.614804332256318,2.144205604265133
14745600,9.07508574962616,1.8905289793330868
14843904,9.142268611639738,2.266448651772394
14942208,9.349244382381439,1.6475923415151348
15040512,9.239141573905945,1.6228137149691013
15138816,9.130112495422363,2.196612176523578
15237120,9.480219922065736,2.1456176522190398
15335424,9.79731684923172,1.8094012469240575
15433728,9.87664761543274,1.9164255464620228
15532032,10.032835494279862,1.90053314402063
15630336,10.335730971097947,1.8614335842148093
15728640,10.14569883480668,2.198041807604715
15826944,10.930855450630188,1.3803504323239986
15925248,10.527261840105057,2.2113923892380156
16023552,11.034165546894073,2.0127560838760394
16121856,11.240116071701049,1.6125141340953966
16220160,11.201008417606353,1.8124141234507776
16318464,11.170838647484779,2.2069898837868585
16416768,11.465844819545746,1.6657758697737726
16515072,11.321989365257323,2.523386320392821
16613376,11.932366409301757,1.2130054983797591
16711680,12.23222421169281,1.4558228198173604
16809984,12.035770120620727,1.4844803959529747
16908288,12.146389408111572,1.5848472784681464
17006592,12.442197494506836,1.2951288374476353
17104896,12.422327313423157,1.5218928406288512
17203200,12.841565074920654,1.4574006884950237
17301504,12.59488286972046,1.4887191296974485
17399808,12.384467587471008,2.1046285578878012
17498112,12.836886768341065,1.4711005566531323
17596416,12.982281727790832,1.478697218580836
17694720,13.049721622467041,1.196569731943538
17793024,12.831670346818864,2.1231140116559954
17891328,13.034376211166382,1.38132799615917
17989632,13.290336508750915,1.3034040010793642
18087936,13.85992039680481,1.2022337318497807
18186240,13.611159086227417,1.4348454688490815
18284544,13.598502345085144,1.6856385715976705
18382848,13.435804829597473,2.127083953828861
18481152,13.85427057981491,1.9877669660054949
18579456,13.233624151945115,2.540184175998771
18677760,14.14031768321991,1.4909953956180582
18776064,14.057885848656296,2.3142164890991954
18874368,14.00483009815216,2.042362214445659
18972672,13.939715802669525,1.98456707776159
19070976,14.339207201004028,1.4084746160364523
19169280,14.561160717010498,1.2368239852710048
19267584,14.214674825668334,2.070401811141966
19365888,14.445143644809724,2.2328026593757144
19464192,14.553690632581711,2.0905831899440765
19562496,14.759351577758789,1.7144753141382045
19660800,15.006637554168702,1.0657308857539038
19759104,14.94668616771698,1.4922368726890354
19857408,15.070400160253048,2.150670544235875
19955712,15.162296513319015,1.8949512989610642
20054016,14.868277698159218,2.5990419199254395
20152320,15.535797681808472,1.2070654839313915
20250624,15.187350115776063,2.0553514309050738
20348928,15.463535957336425,1.188183888157723
20447232,15.418509323596954,1.776290623253243
20545536,15.620618777275086,1.612789632019646
20643840,15.559608235359192,1.7282982937050024
20742144,15.948071193695068,1.3203284632652976
20840448,16.012829427719115,1.158711347383576
20938752,15.539077223539353,1.8420591782233988
21037056,16.298111352920532,1.337303012176392
21135360,16.124033448696135,2.061130921310966
21233664,16.185329875946046,1.0975022000669565
21331968,16.056144285202027,1.2697063153662609
21430272,16.090354366302492,1.1501455215444703
21528576,16.315406708717347,1.4599103014799832
21626880,16.469505863189696,1.100434670158299
21725184,16.38719780921936,2.160918762200806
21823488,16.230481181144714,2.0090863000656634
21921792,16.462530241012573,1.0695764379848347
22020096,16.769506368637085,0.9992087546333948
22118400,16.345780858993532,2.2706665470197147
22216704,16.834694852828978,1.2715758677860223
22315008,16.89111371040344,1.1266948310455491
22413312,16.956234769821165,1.3371225238482243
22511616,16.996231069564818,1.1980517554046524
22609920,17.370913200378418,1.189365860785557
22708224,16.904779114723205,1.9342592764711921
22806528,16.81630959868431,2.453923966219578
22904832,17.154064846038818,1.1702835285154678
23003136,17.06738341204822,2.060534506903715
23101440,17.31993269443512,1.7747033989742829
23199744,17.235651154518127,1.837193011726235
23298048,17.22591811656952,1.5431062410891783
23396352,17.124245586395265,1.3119010945140634
23494656,17.47397397994995,1.1098175755888864
23592960,17.55802547454834,1.1599810254840905
23691264,17.253010778427125,1.6326141898752455
23789568,17.399376702308654,1.9072900627141007
23887872,17.502899208068847,1.3190772263750348
23986176,17.58344705581665,1.1065782607854246
24084480,17.38362859725952,2.1550209204258093
24182784,17.76792901992798,1.6558813143638484
24281088,17.90480033874512,1.6225636554178082
24379392,17.973347148895265,1.2167137233203071
24477696,17.751813099384307,2.136362406602787
24576000,17.607958476543427,1.9206530202978525
24674304,17.897765803337098,1.6911009423533818
24772608,17.390420155525206,3.073940190607651
24870912,18.031730995178222,1.440490233008268
24969216,17.981484670639038,1.0204245625126735
25067520,18.244898681640624,1.1689985003714323
25165824,18.27855686187744,1.3123487519056976
25264128,18.26763578414917,1.075367716333063
25362432,18.24184281349182,1.262809785710904
25460736,18.077131407260893,1.9997223203229049
25559040,17.94773278772831,2.1686327750674694
25657344,18.075027256011964,1.6517021798290645
25755648,18.21143262863159,1.0469379692193936
25853952,18.309391841888427,1.2504312003153097
25952256,18.283157884180547,2.2066456866572257
26050560,18.17687822818756,1.9728734370783811
26148864,17.990533492565156,2.1599659258157486
26247168,18.26440227508545,1.1881874053280437
26345472,18.40636402130127,1.419329926710301
26443776,18.5577783203125,1.063742383537353
26542080,18.433534479141237,1.5544821663196773
26640384,18.57120027542114,1.059102321396412
26738688,18.472699146270752,1.7434587671424924
26836992,18.21910646677017,2.463297952041499
26935296,18.559699392318727,1.3736195550917023
27033600,18.219023089408875,1.9164638731628483
27131904,18.40984472990036,2.0319096789822257
27230208,18.228350405693053,2.092194541433738
27328512,18.749921770095824,1.1742187241358535
27426816,17.98045801140368,3.3742845281452447
27525120,18.312493386268617,1.9058158194822905
27623424,18.340561506822706,2.5826703287568264
27721728,18.747409839630127,1.1433580838634474
27820032,18.931604280471802,1.0705852171842378
27918336,19.014544944763184,0.9896438525562214
28016640,18.764935731887817,1.4407024516242837
28114944,18.971302795410157,1.2039107690376798
28213248,18.68584163427353,1.9301808626276982
28311552,18.940999221801757,0.9814511422263356
28409856,18.59705629169941,2.26924000989741
28508160,18.90188325881958,1.1992421120058223
28606464,18.715790576934815,1.938089316705424
28704768,19.12424409866333,0.9143589682931704
28803072,19.04887670516968,1.0410374626266945
28901376,18.976390352249144,1.1823978524589873
28999680,18.902884283065795,1.43922115114456
29097984,19.20803110122681,1.0119121252686412
29196288,19.181504974365236,1.1236917359742573
29294592,18.818632502555847,2.2008171441689424
29392896,19.22579105377197,1.0713475923717228
29491200,19.00906343460083,0.9356514905495977
29589504,19.148855905532837,1.2332908936091627
29687808,19.0977227973938,1.2309780028804105
29786112,19.086053314208986,1.139889199825808
29884416,19.215908946990968,1.1121477983903234
29982720,19.18676347732544,1.4315615475179724
30081024,19.20714595794678,1.0595899049837556
30179328,19.294258365631105,1.174813425343194
30277632,18.960364017486572,1.168134850999767
30375936,19.131175079345702,1.4496849772492226
30474240,19.458398323059082,1.0360485318018187
30572544,19.12861231327057,2.0550957511322507
30670848,19.290272369384766,1.0777845937604347
30769152,19.032269592285157,2.029978759066505
30867456,18.96771933555603,2.7906664710564706
30965760,19.29784170627594,2.2269143105122136
31064064,19.270687675476076,1.0826528000710294
31162368,19.273079986572267,1.248843227121184
31260672,19.39159435272217,0.982589788099112
31358976,19.275094776153566,1.133832983653241
31457280,19.24420506477356,1.1727879360909073
31555584,19.39827268600464,1.1446459485820752
31653888,19.342656548023225,1.9561399882532013
31752192,19.434874353408812,1.6174754351606675
31850496,19.127173836231233,2.0843570489753476
31948800,19.52812488555908,1.0917965064510342
32047104,19.840156850814818,1.3519387314601914
32145408,19.575795001983643,1.103375453155733
32243712,19.40323613882065,1.9108234339984271
32342016,19.423639793395996,1.176282140882544
32440320,19.605258650779724,1.603944537491293
32538624,19.731639442443846,1.0449418025704909
32636928,19.629878730773925,1.1755338946693599
32735232,19.66993680000305,1.5458902059973962
32833536,19.6030037689209,1.2285326467790072
32931840,19.528448581695557,1.1852646962075342
33030144,19.71766565322876,1.0434841724828543
33128448,19.721825675964354,1.1373456441068968
33226752,19.698481216430665,1.1845240335935625
33325056,19.687702293395997,1.1039110583784584
33423360,19.65889654159546,1.3305399796941177
33521664,19.81598482131958,1.3029657256386291
33619968,19.60689941883087,1.5247661673821535
33718272,19.805646953582762,1.085986645200503
33816576,19.447247047424316,1.220634963893586
33914880,19.75013801574707,1.1492325965657881
34013184,19.9404744720459,1.1722765596292968
34111488,19.901635074615477,0.9984426049717052
34209792,19.79934820175171,1.1685485021384663
34308096,19.46721129961312,2.7814888135703772
34406400,19.48591445684433,2.536315408412074
34504704,19.77749580383301,1.2449334414516269
34603008,19.772187111377715,2.3308702311766147
34701312,19.931515045166016,1.0400709267663335
34799616,19.788284242153168,2.346196444387876
34897920,19.997580261230468,1.0399766835259812
34996224,19.87693922042847,1.0142718748796544
35094528,20.019474735260008,1.1103408155412022
35192832,19.901397514343262,1.3210776641468358
35291136,19.87437105178833,0.9008903150338788
35389440,19.886042194366453,1.6351421158999222
35487744,19.426507806777956,2.6342109128818545
35586048,19.786618995666505,0.9595613580501777
35684352,19.802150325775145,1.110141331399861
35782656,19.92058099746704,1.109454821233824
35880960,19.865949459075928,1.055710346675436
35979264,19.796527774333953,2.025245845917239
36077568,19.87757338285446,1.9988502736732177
36175872,19.56757323026657,2.8735275940643272
36274176,19.82066563606262,1.6095869726307708
36372480,19.988513305187226,2.038730893721225
36470784,20.112882995605467,0.9362875391205063
36569088,20.005550322532653,2.0081632590750362
36667392,19.79808756351471,1.926919979722934
36765696,20.15317279815674,1.055270903526326
36864000,19.745993041992186,1.0191456990383285
36962304,20.161013031005858,1.114529898248648
37060608,20.205235137939454,1.0976018920502746
37158912,19.982553884983062,2.139592227723315
37257216,20.27920371055603,1.212142337199641
37355520,20.175861568450927,1.0595041865114239
37453824,20.019853496551512,1.0667828003834912
37552128,20.097210750579833,0.8625055010976775
37650432,20.146125049591063,1.0461439884836945
37748736,20.099329299926758,1.091497181681418
37847040,20.056126232147218,1.0481017516849502
37945344,19.967465801239015,1.3736995299683636
38043648,20.290526123046874,1.0699500341599026
38141952,20.18032663345337,1.0044784221595564
38240256,20.363198471069335,1.3981768256460907
38338560,20.20299909591675,0.9038050740303692
38436864,20.359540309906006,0.8850658850518313
38535168,20.314788227081298,1.0245754740756543
38633472,20.226776180267333,1.9327930124661392
38731776,20.275050082206725,1.9717752428438708
38830080,20.320192527770995,1.0947318850609726
38928384,20.376408195495607,0.9578072992855637
39026688,20.31906244277954,1.0221149219530672
39124992,20.239020853042604,1.5627374707461001
39223296,20.415212800502776,2.1498269554032357
39321600,20.343070487976075,1.0243135501027936
39419904,19.862501039505005,2.5537858752736415
39518208,19.886512336730956,1.8266633567209067
39616512,20.354276762008666,1.1107943238653926
39714816,20.25414104938507,1.636346602776267
39813120,20.091016315221786,2.5521472869755724
39911424,20.38252759933472,0.9725246490447614
40009728,20.186927947998047,1.0592608115610596
40108032,20.266992473602294,1.0464653694865815
40206336,20.27264596939087,1.1436205834354152
40304640,20.36976329803467,0.9950262183560247
40402944,20.48525505065918,1.0640282392781226
40501248,20.026479420661925,2.254253628012094
40599552,20.52080829620361,1.065126765652293
40697856,20.444942359924315,1.0253407622273918
40796160,20.573231468200685,1.0738359600603875
40894464,20.528862285614014,0.9669876024067741
40992768,20.397377128601075,0.9642141453859753
41091072,20.405865840911865,1.1034085255064923
41189376,20.65265405654907,0.9582101754854209
41287680,20.28113599538803,2.023843638491846
41385984,20.37637385368347,1.5470784807985483
41484288,20.448666477203368,1.076734377397933
41582592,20.591099758148193,1.0336488468943035
41680896,20.548435468673706,1.210862403918435
41779200,20.462363758087157,1.1681317142528345
41877504,20.42409254550934,1.717880355428112
41975808,20.46135618209839,1.0458300926738608
42074112,20.29344584226608,2.1310966033560255
42172416,20.505451488494874,1.004097045454588
42270720,20.639445600509642,1.2166649919085526
42369024,20.389659926891326,2.220359492189252
42467328,20.52663152694702,1.6696352520603597
42565632,20.462836589813232,1.0972917586860098
42663936,20.519358730316164,0.9823979328010647
42762240,20.330486526489256,2.642669468832968
42860544,20.713852615356444,0.9912105482554314
42958848,20.62848437309265,1.1386936649411392
43057152,20.404690108299256,1.629662498995701
43155456,20.479720845222474,1.6712003057744802
43253760,20.566270813941955,1.6261051690183654
43352064,20.73663450241089,0.8889236567280593
43450368,20.800454902648926,1.0058987971614677
43548672,20.59968681335449,1.3408738728760237
43646976,20.665405960083007,1.2106236998322069
43745280,20.758754863739014,0.8227005178811216
43843584,20.603967781066896,1.1016644590558047
43941888,20.58684436798096,0.9405255728623657
44040192,20.74092632293701,1.0158133832665506
44138496,20.717286033630373,1.1018096619762088
44236800,20.56436806678772,1.2573767263268543
44335104,20.758345851898195,0.9270400310539113
44433408,20.738305110931396,1.733587685379321
44531712,20.78918577194214,1.1118178091094824
44630016,20.60669195175171,1.0069967601912422
44728320,20.653958139419554,1.6043647058909316
44826624,20.532995738983153,1.9194809260692287
44924928,20.50390680074692,2.402753360958261
45023232,20.386322174072266,1.9595459006972096
45121536,20.766623497009277,1.0783857091455267
45219840,20.778947830200195,1.1885552045092092
45318144,20.811832695007325,1.087926575292357
45416448,20.67534112930298,0.9196532981875238
45514752,20.704814796447753,0.9843013792096083
45613056,20.779577884674072,1.0555304369035865
45711360,20.88905550003052,1.0269362417016585
45809664,20.58505772590637,1.1825677878896357
45907968,20.883421735763548,1.163686862121614
46006272,20.51876077890396,1.9813966363423954
46104576,20.6526491355896,1.0221777637414102
46202880,20.74954370498657,0.9191631904286873
46301184,20.973610954284666,1.0616015329123174
46399488,20.53553939819336,2.0850901065924705
46497792,21.016901741027834,1.010590545266976
46596096,20.86376871585846,1.6635208896274472
46694400,20.82253070831299,1.0824961487664766
46792704,20.9083922958374,0.932067402860557
46891008,20.916132535934448,1.3943591947651883
46989312,20.79504816055298,1.1595948234659503
47087616,20.985009765625,0.9455068107621961
47185920,20.927051181793214,0.9727026424730957
47284224,20.972675971984863,1.0439791858445944
47382528,20.72471420764923,1.9679827583226834
47480832,21.16113609313965,0.8842211956831478
47579136,20.918471488952637,0.9495545468341163
47677440,20.837514371871947,1.5807782050523302
47775744,20.69989005088806,1.5506586716414468
47874048,20.96103063583374,1.0555639714473095
47972352,20.98868520736694,1.2887156300210805
48070656,20.99507755279541,0.844548234493581
48168960,21.032200393676757,1.1483921979652583
48267264,20.93139093399048,1.0607265229796639
48365568,20.611818967908622,2.9034018947384057
48463872,21.0134979057312,0.9525354121580965
48562176,20.805992436408996,2.048845648344031
48660480,20.83553050994873,1.1298271301187015
48758784,20.984245471954345,1.077298952205498
48857088,21.114312915802003,1.1014792461555831
48955392,21.15484228134155,0.9330474007105033
49053696,21.043556842803955,0.9889839784955237
49152000,20.991958751678467,1.035954569084788
49250304,20.96463872909546,0.9992083072384597
49348608,21.127017898559572,0.9653714006485123
49446912,20.740947475433348,1.5568925317268159
49545216,20.959811458587648,1.2615580134337574
49643520,21.149125595092773,0.9238819122962838
49741824,21.189533100128173,1.081372844022718
49840128,21.214870052337645,1.03127279818002
49938432,20.994937171936034,1.020064934475957
50036736,21.076534843444826,1.0554227551547881
50135040,20.973486347198488,0.9602335098482635
50233344,21.109897632598877,0.9165672213154661
50331648,21.171311855316162,0.9897746243877769
50429952,21.087921028137206,0.8472215101127843
50528256,21.038934993743897,0.8859172030789367
50626560,21.06790531158447,0.9834724933744068
50724864,21.14818212509155,0.9316034923979027
50823168,21.18073230743408,1.011046930337748
50921472,21.318135471343993,0.9338438047294038
51019776,21.16104730606079,1.0335236948555953
51118080,21.14823543548584,1.0727373885016815
51216384,21.083048868179322,1.6134937840502264
51314688,21.061035611629485,2.019452050494981
51412992,21.109536113739015,1.0054666106163785
51511296,21.15638439178467,1.0175530594577784
51609600,21.094785747528075,0.9733970460279271
51707904,20.944424657821656,1.483454379916096
51806208,21.05849670410156,0.980128308334654
51904512,20.986080017089844,1.0909343234087545
52002816,20.904020576477052,1.6493727628592196
52101120,21.199496784210204,1.113989516999916
52199424,21.15774341583252,1.0389617881685458
52297728,21.250592708587646,1.049388288292411
52396032,21.178013553619383,1.0204478372246064
52494336,21.18569549560547,1.02505596965865
52592640,21.50312919616699,0.9120447316516728
52690944,21.369916362762453,0.956688961374294
52789248,21.364915142059328,0.946789087021891
52887552,21.136024017333984,1.0460796031880912
52985856,21.33428171157837,0.9210803185956853
53084160,21.28477409362793,1.058575338478629
53182464,21.212706604003905,0.944234043843252
53280768,21.292552070617674,1.103684437357714
53379072,21.25077548980713,0.9111183249233576
53477376,21.292061824798584,1.0847482837832432
53575680,20.95052745819092,2.04634358572592
53673984,21.3078466796875,1.0324860870373094
53772288,21.165615577697753,0.9693849228222517
53870592,21.317472686767577,0.9356400314489789
53968896,21.310552921295166,1.0074101391922892
54067200,21.25275463104248,1.0804150753511395
54165504,21.181557178497314,1.087442748793395
54263808,21.280162048339843,0.8664289713367029
54362112,21.360125827789307,1.004635436220465
54460416,21.519578876495363,0.9699532596454709
54558720,21.345105438232423,0.9735969785712306
54657024,21.519334850311278,0.8562011876604398
54755328,21.231533203125,1.0127591465929946
54853632,21.275671367645263,1.029408020536283
54951936,21.251439876556397,1.364225151376925
55050240,21.40168394088745,0.8724254519306645
55148544,21.36966543197632,1.0751060787649294
55246848,21.373128967285155,1.0243449281631436
55345152,21.36007743835449,0.9496790673021851
55443456,21.115569515228273,1.056864304386507
55541760,21.293082027435304,0.9879377201545071
55640064,21.373133640289307,1.0352382128606883
55738368,21.276108984947204,1.9127974593831711
55836672,21.443002262115478,0.951865057955187
55934976,21.472959880828856,0.9642588560525668
56033280,21.3745902633667,1.0188818171973155
56131584,21.289165782928468,1.088030213375374
56229888,21.228241939544677,0.9831671286129519
56328192,21.404338626861573,1.030246293945673
56426496,21.476412773132324,0.939140333532714
56524800,21.427931900024415,0.874513640617916
56623104,21.44638557434082,0.9548173902747393
56721408,21.512022686004638,0.9135511615200815
56819712,21.275400619506836,0.8818183755712898
56918016,21.313674240112306,0.8732579023471452
57016320,21.25969472885132,1.0881594064038453
57114624,21.425416507720946,0.9865676999555022
57212928,21.459493465423584,0.9770496953468826
57311232,21.478494091033937,0.8345198568591629
57409536,21.305889587402344,0.9345499440481864
57507840,21.528502292633057,0.9145471539857061
57606144,21.72302888870239,0.9306013109219283
57704448,21.33544750213623,1.0142067892797204
57802752,21.337612552642824,1.0125692900413874
57901056,21.413122253417967,1.3609175065481969
57999360,21.46986841201782,0.947694923855583
58097664,21.572731380462645,0.9119426797303609
58195968,21.436809940338136,0.9957627411870124
58294272,21.44954355239868,0.9063687468131328
58392576,21.414725971221923,0.8949941882137411
58490880,21.424322490692138,0.8770724299365914
58589184,21.48367555618286,0.9481538576252724
58687488,21.55464689254761,0.9018221032355654
58785792,21.586195907592774,0.7709177382558798
58884096,21.467951240539552,0.9396856071196524
58982400,21.473104457855225,0.9260930922395116
59080704,21.475834083557128,0.9182748987026506
59179008,21.534123439788818,0.9731420223779684
59277312,21.516294765472413,0.9967479429104075
59375616,21.490629138946534,0.9936232147687315
59473920,21.48313636779785,0.9219920131124304
59572224,21.582544116973878,0.950558886780592
59670528,21.53719120025635,0.8158882092451432
59768832,21.395129165649415,0.954572406046817
59867136,21.5790159034729,0.9196879338413327
59965440,21.550358180999755,1.7097450419075986
60063744,21.475511341094972,0.9110034230423582
60162048,21.416286067962645,0.9550893098390375
60260352,21.475446395874023,0.9904742949866261
60358656,21.518778018951416,0.9977657344757315
60456960,21.779484252929688,0.7986820192877239
60555264,21.361773090362547,0.9969263633096846
60653568,21.512405815124513,0.919155800377747
60751872,21.56136629104614,0.9082826295961127
60850176,21.46105823516846,0.8846537838408237
60948480,21.45648036956787,0.9515557615816715
61046784,21.419286365509034,0.9826020928367168
61145088,21.510379219055174,1.0613822479127628
61243392,21.47932207107544,1.2561793229178468
61341696,21.66354866027832,1.1518401697205178
61440000,21.46705738067627,1.0658503065756944
61538304,21.56654052734375,0.983668379419206
61636608,21.705814533233642,0.9395176621637297
61734912,21.65272518157959,0.8723497889058175
61833216,21.56794158935547,0.9955368865337307
61931520,21.618045845031737,0.9925261775100876
62029824,21.56236089706421,0.9042562986085781
62128128,21.645643405914306,0.881744302265822
62226432,21.55233455657959,0.986972856446628
62324736,21.663899612426757,0.8551981944832767
62423040,21.483572311401367,0.7960139848082012
62521344,21.67273359298706,1.038889792989235
62619648,21.526059494018554,0.885020642367201
62717952,21.54756549835205,1.4043913931165144
62816256,21.631799240112304,0.9400188861088027
62914560,21.62205846786499,1.6125614661470242
63012864,21.74008680343628,0.8921284975451145
63111168,21.786081295013428,0.9230696982905318
63209472,21.680281648635866,1.3345620559902596
63307776,22.00622226715088,0.876605058976915
63406080,21.748116340637207,0.89278817522762
63504384,21.598496026992798,1.6874811721023049
63602688,21.652900524139405,0.9141286381746324
63700992,21.7077081489563,0.836419381125462
63799296,21.762980308532715,0.8924845064008047
63897600,21.788273410797117,1.047323165024958
63995904,21.717388858795164,0.9253198924403072
64094208,21.641160507202148,0.9729010034826427
64192512,21.33433678150177,2.109672290025374
64290816,21.56242443561554,2.076423952930084
64389120,21.577244243621827,0.9192466085134066
64487424,21.565970134735107,1.0359086581392907
64585728,21.58442028045654,1.1181786122486823
64684032,21.712078704833985,0.9625932082077321
64782336,21.85223554611206,0.9088277679831752
64880640,21.915851840972902,0.937197343146273
64978944,21.628063440322876,1.2562817724038886
65077248,21.826155834197998,0.9474043098515263
65175552,21.699834156036378,1.0002029069957228
65273856,21.818318576812743,0.9067410466687288
65372160,21.79839979171753,0.8300775884967215
65470464,21.827516822814943,0.9346634099664587
65568768,21.6957985496521,0.9530101696469746
65667072,21.788548583984376,0.7952575759303855
65765376,21.865481910705565,0.9623484927942737
65863680,21.83767137527466,0.9663922714740486
65961984,21.687825506776573,2.3486087864812593
66060288,21.764506530761718,0.9588333643328024
66158592,21.786637554168703,0.8729118182134453
66256896,21.956701984405516,0.8971686615541782
66355200,21.760338878631593,0.8782538904239502
66453504,21.969631881713866,0.9094309866057547
66551808,21.960853900909424,0.8562525144379236
66650112,21.8581032371521,0.9411022450133388
66748416,21.773130283355712,0.813506317965695
66846720,21.807969760894775,0.8597109279124069
66945024,21.99977466583252,0.8777077700828794
67043328,21.874779605865477,0.8209661843629835
67141632,21.799315872192384,1.044131454382598
67239936,21.948326091766358,0.94138463259355
67338240,21.738368148803712,1.9862132435665514
67436544,21.990837574005127,0.9318168977192063
67534848,21.93456600189209,0.9066994326276322
67633152,21.727229232788087,0.8574776129278013
67731456,21.93083122253418,0.9988640116393764
67829760,21.87459030151367,0.9097431597586983
67928064,21.955950088500977,0.902863798045193
68026368,21.834015741348267,1.3730949391594818
68124672,21.663322267532347,1.866612731715443
68222976,21.870750303268434,1.4758853827488616
68321280,21.788660078048707,1.5099893692308681
68419584,21.92346834182739,0.9141336347721432
68517888,21.757480716705324,0.9237157185518279
68616192,21.999971408843994,0.9158778644557122
68714496,21.92021812438965,0.9099946839163526
68812800,21.804421014785767,1.559450010778961
68911104,21.435909158820287,2.7486740722080847
69009408,22.07322265625,0.8770115676782254
69107712,21.945203552246095,0.813906727078752
69206016,21.975251846313476,0.9261299671695398
69304320,21.99374822616577,0.95303251284423
69402624,22.1644478225708,0.8437326173269181
69500928,21.974157409667967,0.8754118971013805
69599232,21.827645709663628,2.327087965836311
69697536,21.88111047744751,1.004753261628919
69795840,22.09113296508789,0.8884160520645983
69894144,21.900439777374267,0.8171752568826925
69992448,22.1714612197876,0.9189341350773063
70090752,22.05570188522339,0.8640936750495827
70189056,22.062703323364257,0.9669970657797295
70287360,21.78786130271852,2.3933966129373863
70385664,22.18999828338623,0.7866438309041666
70483968,21.94499755859375,0.9318538850184628
70582272,22.051839580535887,1.0134802676783075
70680576,21.941597003936767,0.8929735124266635
70778880,22.0244069480896,0.9717477767552019
70877184,22.10386320114136,1.251077242641315
70975488,21.999851398468017,0.7861093685990954
71073792,22.09193784713745,0.8788114253441891
71172096,22.090184020996094,0.8869582265114572
71270400,22.21161054611206,0.9658514226856955
71368704,22.03959337234497,0.9115885683592483
71467008,22.190017185211182,0.9470109540650656
71565312,22.03806058883667,0.9410141164139225
71663616,21.85482540130615,0.8865706853427161
71761920,22.15341341018677,0.9271535502139884
71860224,21.970883121490477,1.654081791505107
71958528,21.883012962341308,1.3704614109634894
72056832,21.98267840385437,1.513445580275902
72155136,22.017153301239013,0.9028938775469819
72253440,22.089833698272706,0.8865045370058632
72351744,22.16456022262573,0.8848386395706355
72450048,21.92366924762726,1.6858666132192923
72548352,21.977875785827635,1.0405064573869112
72646656,21.97061958312988,0.9750682626004996
72744960,22.079019165039064,0.9022537481839772
72843264,22.04803783416748,0.8388645828641141
72941568,21.91656442642212,1.0162377413780035
73039872,22.08966209411621,1.0948590595802912
73138176,22.12349609375,0.8497431527410911
73236480,22.101636238098145,0.7690816261361811
73334784,21.957019634246826,1.0099108430869235
73433088,22.095433750152587,0.8411527903831838
73531392,22.06233854293823,0.8173565303884712
73629696,22.261786041259764,0.8558531649489156
73728000,22.025786247253418,0.9015849347232998
73826304,22.07313358306885,0.9750178819546398
73924608,22.03783800125122,0.966103495226665
74022912,22.049444885253905,0.8999496625393882
74121216,22.077471981048586,0.873417758256052
74219520,21.93301377296448,1.9678689768601654
74317824,21.986993007659912,0.9599145990835058
74416128,22.176553039550782,0.8006528824829063
74514432,22.169197635650633,0.9199127493996192
74612736,22.093967514038084,0.8811292406787281
74711040,22.078724918365477,0.8452021123342279
74809344,22.1920104598999,0.7887188039687284
74907648,22.174620742797853,0.8942229522216982
75005952,22.186526641845703,0.9372668830387094
75104256,22.112196178436278,0.8041067307139408
75202560,22.026273403167725,0.9404139721963446
75300864,22.07352626800537,0.9135445267804732
75399168,22.246529083251954,0.8332874169527962
75497472,22.13590312957764,0.9496943932294116
75595776,22.155635681152344,0.880605852384827
75694080,22.293059310913087,0.7829769052607904
75792384,22.1764559173584,0.9293536547353832
75890688,22.276620540618897,0.9149306103994383
75988992,22.3961826133728,0.8790300478772395
76087296,22.3302862739563,0.9263916313815874
76185600,22.20271293640137,1.0174509972200056
76283904,22.32495475769043,0.832848790636615
76382208,22.320617752075194,0.8719507497147168
76480512,22.29188009262085,0.9533244750436937
76578816,22.025112953186035,0.9032454412247813
76677120,21.99880023956299,1.5132243717364304
76775424,22.2007967376709,0.9425128461766107
76873728,22.336566410064698,0.8155660135319094
76972032,22.267278728485106,0.8354142236804902
77070336,22.36202314376831,0.8417335241996589
77168640,22.378429536819457,1.1743562148198348
77266944,22.280187683105467,0.8638849954724972
77365248,22.311896209716796,0.9024655355995044
77463552,22.20023656845093,0.7477443244750894
77561856,22.3538419342041,0.7504125018487161
77660160,22.381609473228455,1.6752613143269839
77758464,22.382659339904784,0.8993283520257531
77856768,22.126016159057617,0.8436477902233547
77955072,22.019160108566282,2.0389338049807293
78053376,22.211155576705934,2.0080297852517646
78151680,22.38231855392456,0.8908749410038348
78249984,22.447159633636474,0.8545002907892073
78348288,22.1951850605011,1.276010592930701
78446592,22.417005710601806,0.9519780429473734
78544896,22.401059188842773,0.8877196828350501
78643200,22.310032348632813,0.7327857133715406
78741504,22.124003057479857,2.0813206048857995
78839808,22.31469232559204,0.9252342462201891
78938112,22.23575653076172,0.943740897940844
79036416,22.335873508453368,1.0359326159192426
79134720,22.242217235565185,0.8650299168974535
79233024,22.452829437255858,0.803227633935925
79331328,22.4102077293396,0.8722224405529309
79429632,22.521471519470214,0.9394688012192237
79527936,22.353254356384276,0.9113093787259994
79626240,22.320722618103026,1.3424952752518426
79724544,22.4303701210022,0.7845706334762746
79822848,22.411138648986817,0.9232182384644099
79921152,22.29216339111328,1.0258264700552433
80019456,22.128835859298707,2.0239371724013258
80117760,22.521408214569092,0.9723757328988205
80216064,22.535338802337648,0.805386005475304
80314368,22.178232779502867,2.012819923551246
80412672,22.31595821380615,0.9109229957694714
80510976,22.379781703948975,0.8394875700703496
80609280,22.318053741455078,0.8584540246331753
80707584,22.45333297729492,0.8465092157607977
80805888,22.427351303100586,0.8786146706759619
80904192,22.514431076049803,0.8757645760802847
81002496,22.266035957336427,0.7817038503937895
81100800,22.204281845092773,1.006085364715431
81199104,22.348592166900634,0.8927941548464707
81297408,22.414732913970948,0.8519571321767369
81395712,22.28120508670807,2.1733135239059287
81494016,22.55619806289673,0.7920539108782138
81592320,22.43323917388916,0.9195944259386623
81690624,22.482644786834715,0.8647127922371111
81788928,22.66602975845337,0.8058968065017017
81887232,22.3553715133667,0.8658135209407956
81985536,22.328748836517335,1.0013710757973016
82083840,22.36114736557007,0.8691158130725763
82182144,22.525617389678956,0.8900383649711723
82280448,22.43871524810791,0.9324506050504144
82378752,22.51942960739136,0.8739200149569449
82477056,22.407840919494628,0.8742879867619634
82575360,22.437811641693116,0.7930103896340914
82673664,22.600778102874756,0.6961929922652849
82771968,22.46151746749878,0.833486814092475
82870272,22.462420482635498,0.9247194496214171
82968576,22.53494302749634,0.9181124378625678
83066880,22.512994785308837,0.846357458568851
83165184,22.52102502822876,0.9174594327920951
83263488,22.298323249816896,0.7433786558320395
83361792,22.383767528533937,0.8893530297596494
83460096,22.42705606460571,0.7897638157641775
83558400,22.430910739898682,0.8567573564649222
83656704,22.40238489151001,0.9790325976634559
83755008,22.63332326889038,0.8493011362714733
83853312,22.594067134857177,0.8294842098000719
83951616,22.30541648864746,0.8877642095903368
84049920,22.48938097000122,0.9234113612859881
84148224,22.472996826171876,0.773451335313954
84246528,22.550974617004396,0.8261741908892828
84344832,22.513051357269287,0.7788550975885004
84443136,22.324159607887267,2.0097516558860153
84541440,22.55422529220581,0.838631814569618
84639744,22.3972119140625,0.8883616810096104
84738048,22.44475688934326,0.8283934387172928
84836352,22.55460603713989,0.7256739570098267
84934656,22.399195823669434,0.9915135649953788
85032960,22.52882417678833,0.7811209981268328
85131264,22.471588554382325,0.7705212569040085
85229568,22.682778244018554,0.8168833015476493
85327872,22.442213668823243,0.7896550465693927
85426176,22.578767318725586,0.7909416145199017
85524480,22.562777595520018,0.8098014311345426
85622784,22.388625831604003,0.786236661158105
85721088,22.541194725036622,0.8532378138018537
85819392,22.605739574432373,0.8779288497282478
85917696,22.61111921310425,0.902119487682774
86016000,22.531872234344483,0.9044075411706184
86114304,22.474476222991942,0.8414335116476991
86212608,22.431616249084474,0.7499402723632228
86310912,22.434318599700926,1.6196101607859348
86409216,22.43872486114502,0.860460005787472
86507520,22.557669582366945,0.8959004743769241
86605824,22.513099002838135,0.8005392399840204
86704128,22.27543819800019,2.3866098952403116
86802432,22.58204969406128,0.8474741684245348
86900736,22.642838134765626,0.8364552382639767
86999040,22.55754638671875,0.9038656020785546
87097344,22.475437927246094,0.9070345520860431
87195648,22.531523513793946,0.7844604614925846
87293952,22.60289360046387,0.7535349898668093
87392256,22.60712682723999,0.9676631473885821
87490560,22.5321185092628,2.380798884462664
87588864,22.551325302124024,0.8409483434626357
87687168,22.56720104217529,1.2503516641502102
87785472,22.65767198562622,0.786878242182035
87883776,22.62056146621704,0.7549671853778169
87982080,22.64747652053833,0.7287757607438597
88080384,22.458255825042723,0.7289031438778023
88178688,22.671310749053955,0.776380904783003
88276992,22.622314796447753,0.8926776147421748
88375296,22.454714984893798,0.816216750565599
88473600,22.592368183135985,0.7188026328869703
88571904,22.482253074645996,0.868196855328816
88670208,22.44914659023285,1.820658733045853
88768512,22.48061215877533,1.8489771433033622
88866816,22.45373430252075,0.8481845805177719
88965120,22.56966859817505,0.8812386298600782
89063424,22.53963083267212,0.843759270785938
89161728,22.64731924057007,0.8296838728566961
89260032,22.483751602172852,0.7997268131970336
89358336,22.492202739715577,1.2019876457049554
89456640,22.67602430343628,0.8650756073221546
89554944,22.577119407653807,0.8244005077155782
89653248,22.579418106079103,0.9159188736655096
89751552,22.527912902832032,0.8197657458015974
89849856,22.562767505645752,0.8764713412639215
89948160,22.695349445343016,0.7781964906989295
90046464,22.685343170166014,0.8040854541155704
90144768,22.605712985992433,0.799783010554652
90243072,22.563252601623535,0.98167587517481
90341376,22.708219833374024,0.783739884348971
90439680,22.743187618255615,0.6468828338978027
90537984,22.66241651535034,0.7984517400175773
90636288,22.497547248601915,2.2507332325873324
90734592,22.489869232177735,0.875518746116362
90832896,22.76214241027832,0.8241235380581441
90931200,22.664478797912597,0.7310248749129978
91029504,22.603218173980714,0.8493175973522379
91127808,22.598945636749267,0.7681935640732493
91226112,22.58460208892822,0.7821540475539482
91324416,22.746408920288086,0.7234713900524237
91422720,22.66762872695923,0.6802533157642423
91521024,22.718923892974853,0.867279959890521
91619328,22.49622356414795,2.419231690822168
91717632,22.76650899887085,0.8557065623402653
91815936,22.749285202026368,0.771510600960659
91914240,22.588267459869385,0.8108136594688101
92012544,22.776420841217043,0.7706147472817609
92110848,22.699752464294434,0.9128454344383039
92209152,22.664005870819093,0.9681629056835678
92307456,22.557242946624754,0.8597626931474709
92405760,22.568050537109375,0.7883615499431879
92504064,22.740460052490235,0.7023453715886747
92602368,22.828110485076905,0.6821512186400578
92700672,22.744040260314943,0.8172045053563347
92798976,22.620048618316652,0.7795718407661177
92897280,22.613351154327393,0.8625820824194804
92995584,22.516974353790282,0.9402092300160197
93093888,22.6681143951416,0.8115259660126601
93192192,22.643761405944826,1.2816827062558231
93290496,22.585167350769044,1.2327703262674454
93388800,22.73438304901123,0.7129045731270088
93487104,22.730731945037842,0.9344707395368776
93585408,22.659423999786377,1.040025010884043
93683712,22.779748725891114,0.7982906591742377
93782016,22.81122184753418,0.7340179277209945
93880320,22.800508308410645,0.7802980940007601
93978624,22.78583770751953,0.87446468282787
94076928,22.78156656265259,0.8444159710651081
94175232,22.83522958755493,0.8755772493614767
94273536,22.644624309539793,0.9067002852683578
94371840,22.733963356018066,0.7907829699465744
94470144,22.57178169250488,0.8537001694122595
94568448,22.734865188598633,0.7010847253927925
94666752,22.51766636967659,2.3764960257417265
94765056,22.784773235321044,0.9126903450714452
94863360,22.75057565689087,0.8743949708366685
94961664,22.814096298217773,0.7758889542689184
95059968,22.547096110656856,2.384206071969245
95158272,22.699694595336915,0.7855034747609944
95256576,22.846111698150636,0.7805350042707296
95354880,22.781758041381835,0.7992989146546874
95453184,22.749535655975343,0.8385912498444152
95551488,22.879273471832274,0.797998297809898
95649792,22.63805311203003,0.7739436210013154
95748096,22.965096435546876,0.7279187126585676
95846400,22.813317108154298,0.7217986787375492
95944704,22.690863494873046,0.8615692520177338
96043008,22.700269088745117,0.7254438080160442
96141312,22.75855417251587,0.7130879480276408
96239616,22.81010980606079,0.7553323604267264
96337920,22.769116802215578,0.8205863894610271
96436224,22.856098937988282,0.747235425309552
96534528,22.711143646240235,0.8083912863727611
96632832,22.823176631927492,0.8813833934649061
96731136,22.753796014785767,1.2765407942211124
96829440,22.78062801361084,0.741115468857411
96927744,22.86628568649292,0.8145540471344707
97026048,22.824548168182375,0.7515531223676654
97124352,22.75141942977905,0.8157076960069576
97222656,22.437739295959474,1.9877091654979129
97320960,22.703083019256592,0.8092539716635773
97419264,22.85455949783325,0.7932118665892558
97517568,22.843083267211913,0.7848953897811096
97615872,22.78945098876953,0.7523512280023609
97714176,22.87212141036987,0.6468884981001338
97812480,22.855407009124757,0.7358405451963951
97910784,22.773861713409424,0.8386181585291419
98009088,22.706195640563966,0.7480430294852729
98107392,22.655930891036988,1.9344412322925155
98205696,22.72166360139847,2.0369611466041504
98304000,22.809871482849122,0.8525074835915857
98402304,22.763020858764648,0.8227141869006764
98500608,22.74003568649292,0.8361577965685892
98598912,22.848438777923583,0.8699918218705306
98697216,22.785945968627928,0.7906246786251573
98795520,22.823134746551514,0.7436700104157958
98893824,22.72594228744507,0.7244338990474237
98992128,22.66967975616455,0.788128383135131
99090432,22.95958101272583,0.7922230040423576
99188736,22.81377265930176,0.7962104134577578
99287040,22.866702060699463,0.7869151072441374
99385344,22.626617794036864,0.8042452759195748
99483648,22.8040993309021,0.7197084125599417
99581952,22.680979042053224,0.8018476753790192
99680256,22.90494037628174,0.7834619530706397
99778560,22.81053665161133,0.6786075679232391
99876864,22.946919479370116,0.811035671443558
99975168,22.91291707992554,0.7677658551045469
100073472,22.700038318634032,1.0512436804915413
100171776,22.973951168060303,0.6859721969867014
100270080,22.970508556365967,0.6880403133403695
100368384,22.875330867767335,0.72036681133587
100466688,22.80237325668335,0.8029446697085548
100564992,22.896055145263674,0.8168577498042148
100663296,22.920326080322265,0.7139503158544143
100761600,22.891687755584716,0.814137136016281
100859904,22.87783477783203,0.8233623039867483
100958208,22.930856800079347,0.774482321682691
101056512,22.80413013458252,0.8298264261429904
101154816,22.862002353668213,0.81460620929099
101253120,22.8556166267395,0.8406487680764905
101351424,22.764205265045167,0.8556725250960907
101449728,22.94414737701416,0.7651968249581429
101548032,22.77281499862671,0.7948373060575176
101646336,22.86461133956909,0.7348750895528067
101744640,22.952854385375975,0.7421409450423937
101842944,22.95390405654907,0.722374237205321
101941248,22.964630451202392,0.690858789419937
102039552,22.726118412017822,0.9011639977161674
102137856,22.976889419555665,0.6756417797177329
102236160,22.993033008575438,0.7827000748604946
102334464,22.921309852600096,1.2213534398861152
102432768,22.984674873352052,0.7740064776540774
102531072,22.830937023162843,0.6513165974179899
102629376,22.87703056335449,0.7633917049711354
102727680,22.933230419158935,0.7549936550353991
102825984,23.01026268005371,0.8196405100867089
102924288,23.00869775772095,0.7013012823687665
103022592,22.89534662246704,0.8813208090119291
103120896,23.082589416503907,0.7148370289642043
103219200,22.988581371307372,0.8126015185374263
103317504,22.953749141693116,0.7103602409932264
103415808,22.97856809616089,0.6853091138813956
103514112,22.926307048797607,0.7696027866629345
103612416,23.04047668457031,0.6536275268581262
103710720,23.034181060791017,0.7887024162917537
103809024,22.895095977783203,0.7706547345130795
103907328,23.016240634918212,0.6783699580844196
104005632,23.07980951309204,0.7306350105249956
104103936,23.098890514373778,0.7048435928465111
104202240,22.915229549407957,0.8197691719497331
104300544,23.06839599609375,0.7030082788282295
104398848,23.134332027435303,0.7434307606303235
104497152,22.953983783721924,0.7228818615227843
104595456,22.987455196380616,0.6783572663307824
104693760,23.016607418060303,0.7856337840150026
104792064,22.968012676239013,0.7938275337191769
104890368,23.134606971740723,0.7391954919264193
104988672,23.096353397369384,0.737443002364517
105086976,22.987354526519777,0.8095066380124578
105185280,23.015410194396974,0.7610316045159695
105283584,22.95245096206665,0.7079199395428418
105381888,23.018381462097167,0.7710916019718206
105480192,23.027140426635743,0.7201576613666213
105578496,22.9103081458807,2.3923348290517517
105676800,23.038747520446776,0.774043121038377
105775104,22.955385341644288,0.8067824791585309
105873408,22.965940532684325,0.7111543471646895
105971712,23.097079486846923,0.7521011832087767
106070016,22.975151119232176,0.7224717684404829
106168320,22.98217456817627,0.7674690793155171
106266624,23.117519969940187,0.6730031142434652
106364928,23.04805616378784,0.6932608149309512
106463232,23.161473083496094,0.7336979294686637
106561536,23.006687698364257,0.7221712772350707
106659840,22.851006622314454,0.7414024745246103
106758144,23.07727363586426,0.7780524888459592
106856448,23.06963628768921,0.73545963393912
106954752,22.949721355438232,0.7276535869736812
107053056,23.056046981811523,0.7210217240848574
107151360,22.98822385787964,0.7600538055157445
107249664,23.093367557525635,0.7568890737977491
107347968,23.015455074310303,0.7601147100360252
107446272,23.06572509765625,0.7048140742262403
107544576,22.804513568878175,0.7604161092748642
107642880,22.989300117492675,0.743087471035105
107741184,23.078625354766846,0.8106219873705124
107839488,23.191572284698488,0.6879847246415951
107937792,22.817236705571414,2.3977655087614838
108036096,23.11868242263794,0.6766483178209478
108134400,22.981403350830078,0.7501720114210267
108232704,23.00502374649048,0.7138245501872361
108331008,23.08342882156372,0.7877961706323978
108429312,23.052621269226073,0.6929741609222023
108527616,23.06040014266968,0.7418974796499536
108625920,23.019829692840577,0.7420681478793065
108724224,22.94275182723999,0.8349368225751157
108822528,23.135636711120604,0.6003977085008023
108920832,23.103438777923586,0.6534122363586263
109019136,22.945430126190185,0.7962000890663955
109117440,22.944690265655517,0.7442789160599959
109215744,23.114569759368898,0.7047675061434044
109314048,23.066552562713625,0.7552966776011925
109412352,23.0386163520813,0.6808178369488392
109510656,22.861317539215086,0.7900846450945667
109608960,23.0948073387146,0.7591296720213119
109707264,23.144901828765867,0.7911646321410049
109805568,23.040994262695314,0.7476004812840953
109903872,23.06861619949341,0.7728687555622833
110002176,23.080626487731934,0.6754358180833043
110100480,22.91488082885742,0.7631698357933832
110198784,23.117230072021485,0.753668840338697
110297088,23.00579273223877,0.7865702890319837
110395392,23.166496486663817,0.6448898991768774
110493696,23.109986457824707,0.6600243268705281
110592000,22.76789958924055,2.398301318169679
110690304,23.10889051437378,0.7197040858592793
110788608,22.971044120788573,0.7604344294886294
110886912,23.073575839996337,0.7936154452035984
110985216,22.826799085140227,2.3786290142842534
111083520,23.10402328491211,0.7508828801510877
111181824,23.225649909973143,0.7443767860180095
111280128,23.108830204010008,0.7607507156880946
111378432,23.242767276763917,0.7010820803652128
111476736,23.228192138671876,0.7259944655849462
111575040,23.07287727355957,0.7658940607241898
111673344,23.07367919921875,0.6324353684223687
111771648,23.055731658935546,0.9253399317635179
111869952,23.044831733703614,0.7506767530238895
111968256,23.064505977630617,0.8072080338194696
112066560,23.08400676727295,0.7013181108689829
112164864,23.20375364303589,0.6475176008488419
112263168,22.952148084640502,2.30076153215972
112361472,23.070476245880126,0.7384236602118894
112459776,22.89426744222641,2.2541928716958775
112558080,23.240865211486817,0.7193045900296059
112656384,22.957688598632814,0.7604659532823944
112754688,22.950575523376465,1.0060852248181518
112852992,23.013884906768798,0.6399694314707207
112951296,23.077944812774657,0.6673818134719756
113049600,23.009991607666016,0.8408475884843613
113147904,22.993254203796386,0.7136007556595746
113246208,23.081641807556153,0.7617033576106838
113344512,23.1596662902832,0.719887802765142
113442816,23.02424322128296,0.8402937126611333
113541120,23.062244396209717,0.7758444076628856
113639424,22.71952484279871,2.38240713224784
113737728,23.071043968200684,0.7183306875707427
113836032,23.063766746520997,0.736409054157262
113934336,23.100584869384765,0.7076341279339247
114032640,23.095407276153566,0.7530622145022728
114130944,23.047228164672852,0.7017203600987799
114229248,23.118804512023925,0.8068989191030359
114327552,23.01510196685791,0.7852313145206762
114425856,23.0784037399292,0.6128004127465398
114524160,23.19383665084839,0.7264920328956918
114622464,23.187391872406007,0.7158055811234746
114720768,23.17398468017578,0.7827359275646468
114819072,23.027073440551757,0.7811915175585383
114917376,23.194914531707763,0.7311895116433401
115015680,23.090394134521485,0.7927350121320951
115113984,23.14518877029419,0.8413057769912533
115212288,22.898066377639772,1.5422281602504548
115310592,22.997868175506593,0.7539983348195359
115408896,23.141985969543455,0.7401801095855725
115507200,23.26930902481079,0.7092174886997609
115605504,23.241287021636964,0.6447215246215602
115703808,23.085464706420897,0.7126953282184725
115802112,23.110589294433595,0.7541924649424163
115900416,23.186672134399416,0.7354238997806731
115998720,23.166287860870362,0.7270917007646912
116097024,23.279434299468996,0.6620263839852765
116195328,23.162606601715087,0.6854198058797246
116293632,22.93411542892456,0.7443567342145764
116391936,23.17164171218872,0.6798663292724652
116490240,23.17806438446045,0.7203466834991651
116588544,23.189269256591796,0.7098122945703809
116686848,23.225616092681886,0.7101120339465337
116785152,23.22558828353882,0.7626660905705566
116883456,23.216208896636964,0.7171401005321166
116981760,23.07522413253784,0.7845956491089981
117080064,22.977768535614015,0.7519876603398464
117178368,23.121154403686525,0.6262624839255145
117276672,23.21781858444214,0.6651718801360995
117374976,23.221832847595216,0.7570817102618921
117473280,23.14119369506836,0.6565549048288108
117571584,23.06136209487915,0.7285809327442823
117669888,23.166813888549804,0.7432133011491121
117768192,23.113724880218506,0.7662767677969657
117866496,23.285721607208252,0.7130523002783841
117964800,23.13226863861084,0.6548022942538897
118063104,23.24402576446533,0.6318915453902055
118161408,23.253502464294435,0.5912502859350071
118259712,23.314859046936036,0.6470486240915637
118358016,23.323390769958497,0.6740360545652648
118456320,23.19774751663208,0.7415229154850079
118554624,23.271155738830565,0.7750495391590105
118652928,23.322614879608153,0.7515429843184236
118751232,23.382691555023193,0.6360119016298343
118849536,23.247656745910646,0.7426446017242989
118947840,23.1736163520813,0.7111281664548244
119046144,23.319095535278322,0.7453609857653073
119144448,23.114268765449523,1.9813145121404723
119242752,23.37577486038208,0.6817754639961562
119341056,23.318075637817383,0.7238792437838636
119439360,23.221918087005616,0.7758319165013571
119537664,23.22296703338623,0.6973380912379097
119635968,23.293768844604493,0.7400551903759185
119734272,23.394449138641356,0.7010113985286918
119832576,23.290801410675048,0.7476034330798921
119930880,22.879556503891944,2.4131231298785725
120029184,23.315242195129393,0.7071487324679898
120127488,23.36165439605713,0.7277795688660537
120225792,23.275170764923097,0.6604753533218248
120324096,23.336410102844237,0.6949996173555396
120422400,23.351378288269043,0.66592317422209
120520704,23.386254711151125,0.6998489482839974
120619008,23.17781988143921,0.8949109707847641
120717312,23.312211284637453,0.6822692957882878
120815616,23.340628299713135,0.7154618822088209
120913920,23.167280864715575,0.9248616125488709
121012224,23.321803665161134,0.6899292074962157
121110528,23.12654082775116,1.9901970626660486
121208832,23.130702052116394,2.0351211730165577
121307136,23.36132833480835,0.6222439610616954
121405440,23.41727821350098,0.6750109623075473
121503744,23.469679832458496,0.5980843197516916
121602048,23.367121620178224,0.8389279796002261
121700352,23.27838270187378,0.7494614541802822
121798656,23.15620122909546,0.7306589714536392
121896960,23.257014179229735,0.7754949242988448
121995264,23.291715393066408,0.6900951452477608
122093568,23.35445245742798,0.6513664041140217
122191872,23.341342277526856,0.7895366604099648
122290176,23.3602077293396,0.6873259567029707
122388480,23.313236408233642,0.7348860156624788
122486784,23.30392524719238,0.8582593723669565
122585088,23.40244421005249,0.7473963723321239
122683392,23.438954410552977,0.7318646789924383
122781696,23.38208797454834,0.618826409507387
122880000,23.33502010345459,0.641948974005977
122978304,23.288693218231202,0.7878025436724788
123076608,23.071833086311816,2.4392132999009997
123174912,23.405650386810304,0.6755944963537921
123273216,23.54049449920654,0.639890925452218
123371520,23.34166004180908,0.7068786311322306
123469824,23.370799770355223,0.7011935718280514
123568128,23.41834888458252,0.7766955796424574
123666432,23.402918996810914,1.149789819925164
123764736,23.32533624649048,0.6540520938669019
123863040,23.35616279602051,0.7326929687018433
123961344,23.262510509490966,0.6825178970496891
124059648,23.23207609176636,0.7784259257453664
124157952,23.293635139465334,0.6960567240817205
124256256,23.333948612213135,0.6923073886371816
124354560,23.35699150085449,0.7364710535485033
124452864,23.42403175354004,0.6665354163055289
124551168,23.28526231765747,0.6342456961118826
124649472,23.374873638153076,0.7441822354465105
124747776,23.36009693145752,0.8274622840232093
124846080,23.410306873321534,0.6796811725393735
124944384,23.440601081848143,0.6425239152535756
125042688,23.333741245269774,0.6790337966999512
125140992,23.144410190582274,2.042922693892195
125239296,23.27817710876465,0.6834116857151608
125337600,23.331185150146485,0.69869173613577
125435904,23.290733532905577,1.9584017973964458
125534208,23.101743132919072,2.4205535382817294
125632512,23.357302131652833,0.7302002186550609
125730816,23.327123432159425,0.6667137308060962
125829120,23.30181121826172,0.6200283506813979
125927424,23.144125843048094,0.7809615430788814
126025728,23.41922559738159,0.6450657556781518
126124032,23.435415706634522,0.651903632594459
126222336,23.355375633239746,0.6946872674719141
126320640,23.284726734161378,0.8197574274869667
126418944,23.445041427612306,0.6951547143248147
126517248,23.263626289367675,0.7815264635343847
126615552,23.292862749099733,1.9992293579905847
126713856,23.25080383300781,0.7123550459648038
126812160,23.312620487213135,0.7471496239590456
126910464,23.386636247634886,1.984386130376092
127008768,23.441472434997557,0.6725526171638226
127107072,23.285393409729004,0.6671634726962158
127205376,23.3827361869812,0.730013850955012
127303680,23.5529287147522,0.6379916538226228
127401984,23.420442123413086,0.6352298654677453
127500288,23.35050827026367,0.6664467550510561
127598592,23.481336669921873,0.7478100662536559
127696896,23.321489925384522,0.8026374883026355
127795200,23.520745601654053,0.6502545884980045
127893504,23.407598056793212,0.7546505005235872
127991808,23.417348251342773,0.7125179896444661
128090112,23.351142482757567,0.7655956459077087
128188416,23.42520891189575,0.6451681247457702
128286720,23.545289993286133,0.7428493111935007
128385024,23.45574296951294,0.6746786159807678
128483328,23.5071755027771,0.6943353221190951
128581632,23.497963752746582,0.7178038765511306
128679936,23.513061180114747,0.6171714642067943
128778240,23.429875259399413,0.6562271877925262
128876544,23.406647758483885,0.7494211983429444
128974848,23.572201824188234,0.6482112451234794
129073152,23.46809268951416,0.6297831466380492
129171456,23.426441764831544,0.630887789095712
129269760,23.339252014160156,0.6382473022347536
129368064,23.46859661102295,0.6352030489747987
129466368,23.369994239807127,1.1789824913198337
129564672,23.40663215637207,0.7094430202749706
129662976,23.43419219970703,0.7455806441189949
129761280,23.49745719909668,0.6871658862218953
129859584,23.338075675964355,0.6963890471249635
129957888,23.48233163833618,0.6520743392973433
130056192,23.355203247070314,0.7415154449019027
130154496,23.439619102478026,0.6985053777321576
130252800,23.320691528320314,0.7877650112409942
130351104,23.396212673187257,0.7525999888658442
130449408,23.45807081222534,0.7808388983135037
130547712,23.389071540832518,0.7438942175569034
130646016,23.4124951171875,0.6828001327737842
130744320,23.38869348526001,0.7213302387057234
130842624,23.340911655426027,0.7486321594288984
130940928,23.514915618896485,0.7247519723621347
131039232,23.573016395568846,0.6731381759614539
131137536,23.280375418663024,2.084558832871739
131235840,23.263300800323485,0.7340401822636311
131334144,23.49018320083618,0.7138939661708402
131432448,23.467805328369142,0.6984850419157966
131530752,23.4879278755188,0.6322316107400747
131629056,23.412925281524657,0.6923022392821349
131727360,23.359556350708008,0.6559207435712615
131825664,23.471204586029053,0.7086647313009266
131923968,23.49574480056763,0.6838136158879566
132022272,23.52002227783203,0.7425411644758761
132120576,23.343725590705873,1.9641045923581721
132218880,23.44545457839966,0.6942097584834979
132317184,23.471376934051513,0.6164655114225692
132415488,23.47984022140503,0.7021395333174023
132513792,23.420547122955323,0.7331638041125568
132612096,23.57730981826782,0.7007263680619538
132710400,23.53406219482422,0.5948015951261341
132808704,23.45797466278076,0.6930749703327854
132907008,23.218946637064217,2.444947673270811
133005312,23.264854047596454,2.4131839523506664
133103616,23.393120403289796,0.6328208275439154
133201920,23.419291801452637,0.7639780419098869
133300224,23.404228343963624,0.7640916537227249
133398528,23.46738733291626,0.6584230741279045
133496832,23.30092999458313,2.0652226405842464
133595136,23.48052646636963,0.6748832359302795
133693440,23.30934896469116,0.7723209157508634
133791744,23.352205238342286,0.7285880209890195
133890048,23.437856216430664,0.7758656191742941
133988352,23.416540641784668,0.7243115276407999
134086656,23.435025253295898,0.6390076655579113
134184960,23.29321273803711,0.7223746908606086
134283264,23.470559501647948,0.5764032135274328
134381568,23.431133213043214,0.6888554087233689
134479872,23.238182616233825,1.9807761719162258
134578176,23.527368659973146,0.7078090913296082
134676480,23.554802436828613,0.6395332598236374
134774784,23.4174405670166,0.6902441974482145
134873088,23.315550212860106,0.6888778216815383
134971392,23.493091735839844,0.7154919112013622
135069696,23.470915489196777,0.6564871559631571
135168000,23.45475908279419,0.6266526238256953
135266304,23.386206016540527,0.6722895251031095
135364608,23.293807430267336,0.7302829190910095
135462912,23.4776881980896,0.6469864097849254
135561216,23.45437044143677,0.6810286665249633
135659520,23.389895782470703,0.6877207790893234
135757824,23.250339957475664,2.2967882780715234
135856128,23.442685985565184,0.6297097233783427
135954432,23.410844612121583,0.6610310180519947
136052736,23.56852180480957,0.7001786310492929
136151040,23.39034948348999,0.6300421390159625
136249344,23.275042877197265,0.7002613640482342
136347648,23.340614433288575,0.754726907231872
136445952,23.4500465965271,0.7572552776145723
136544256,23.42283981323242,0.7647329497153169
136642560,23.425961418151857,0.7328136818116074
136740864,23.49548128128052,0.7158729479738897
136839168,23.414438095092773,0.7111227659258194
136937472,23.406185455322266,0.762669938878575
137035776,23.3762455368042,0.7081437542100127
137134080,23.53415071487427,0.7074707284713216
137232384,23.455984859466554,0.6481166399027619
137330688,23.438114871978758,0.6840099535578634
137428992,23.383421478271483,0.7115366433325254
137527296,23.399640102386474,0.7556264695535898
137625600,23.517298793792726,0.594923807967247
137723904,23.36632869720459,0.6864649531000034
137822208,23.56898712158203,0.7540695309150095
137920512,23.454517040252686,0.7902220897310404
138018816,23.407608814239502,0.7232499730997952
138117120,23.32926513671875,0.6704438344127607
138215424,23.33022563934326,0.76482050697449
138313728,23.338956317901612,0.7523905884140066
138412032,23.507165927886962,0.6424840490568577
138510336,23.415866146087648,0.701519183254948
138608640,23.40501543045044,0.7428611983083924
138706944,23.410998516082763,0.7383609080403175
138805248,23.400837154388427,0.6528140709568327
138903552,23.477789134979247,0.6396232622753072
139001856,23.457822933197022,0.6918279564098494
139100160,23.525999698638916,0.6645933129730115
139198464,23.480021381378172,0.6673883786185065
139296768,23.60006019592285,0.6733829061104473
139395072,23.488765087127685,0.7423294202312009
139493376,23.454262447357177,0.7218943507294759
139591680,23.453019943237305,0.6605704217519339
139689984,23.524378910064698,0.6918912188371051
139788288,23.45588586807251,0.6879936318902403
139886592,23.599083614349365,0.6620760246242978
139984896,23.52176061630249,0.7294365959596188
140083200,23.520748443603516,0.6964863028912518
140181504,23.537568588256836,0.6536656910267035
140279808,23.496261825561522,0.6777190255897261
140378112,23.451117515563965,0.7458769364040931
140476416,23.397485790252684,0.6419448213016229
140574720,23.5591939163208,0.6393463899867385
140673024,23.56505355834961,0.7121694826435913
140771328,23.61948495864868,0.5731331332407846
140869632,23.675913486480713,0.5043022511364132
140967936,23.595564613342287,0.6236736755419952
141066240,23.585214080810548,0.6603613016510139
141164544,23.46634708404541,0.6270847123263333
141262848,23.615326557159424,0.6933259633041868
141361152,23.60658702850342,0.536569897762143
141459456,23.525721492767335,0.7267856153166806
141557760,23.439869556427002,0.7477412338714419
141656064,23.61495262145996,0.6813621736837608
141754368,23.530517120361328,0.629391093122438
141852672,23.484612121582032,0.6684142750693424
141950976,23.433658237457276,0.7260932850866497
142049280,23.5106817817688,0.6948113431281939
142147584,23.36593050003052,0.7234676501603989
142245888,23.533123092651365,0.6270975837940839
142344192,23.437356452941895,0.7065798113292406
142442496,23.570701122283936,0.6151292979230988
142540800,23.576916790008546,0.6902578265730126
142639104,23.583556156158448,0.6311606221363043
142737408,23.505645236968995,0.7991540190114534
142835712,23.49935911178589,0.6453206740605487
142934016,23.582915992736815,0.572278705863262
143032320,23.535616703033448,0.6181460991892698
143130624,23.476370887756346,0.6697808908574743
143228928,23.59506259918213,0.7317150512844407
143327232,23.607927494049072,0.6197976702563761
143425536,23.580003261566162,0.7384601382318859
143523840,23.45192783355713,0.6791730127740996
143622144,23.4960186958313,0.6581218698763683
143720448,23.568677997589113,0.6636426028916349
143818752,23.482814617156983,0.7045110455343798
143917056,23.460822200775148,0.7353448599175427
144015360,23.50920711517334,0.7955456476884569
144113664,23.469030208587647,0.6193302186955986
144211968,23.59266096115112,0.7811847309317239
144310272,23.560487632751464,0.7164832258603333
144408576,23.554049377441405,0.7591261684365914
144506880,23.476940898895265,0.6522157395892298
144605184,23.611396656036376,0.6764661753882149
144703488,23.512300815582275,0.7451785635235088
144801792,23.50300001144409,0.6467308729401675
144900096,23.48813413619995,1.116107137269218
144998400,23.493092498779298,0.6428146691457559
145096704,23.56677942276001,0.7096071097430592
145195008,23.389986515045166,0.7739554932639601
145293312,23.615198955535888,0.7037342073756853
145391616,23.63400987625122,0.704099175373825
145489920,23.607280807495115,0.7136836621463831
145588224,23.372281856536866,0.7390378865838043
145686528,23.558164863586427,0.642817423751669
145784832,23.31995841741562,2.204752475386231
145883136,23.566891193389893,0.5695673122716162
145981440,23.56037284851074,0.6253717553634826
146079744,23.528208541870118,0.6633361262490362
146178048,23.61365411758423,0.6021479678300875
146276352,23.567096920013427,0.6334711499324402
146374656,23.521512966156006,0.6906260706146261
146472960,23.417706851959228,0.6865481247886664
146571264,23.559098205566407,0.6053551359623055
146669568,23.585446529388427,0.6376640250970463
146767872,23.524172439575196,0.6757264875262544
146866176,23.422950325012206,0.7488732390246238
146964480,23.699812526702882,0.6397365434062389
147062784,23.615361042022705,0.675820168327121
147161088,23.547575511932372,0.66290567176755
147259392,23.47166254043579,0.6487014423636417
147357696,23.585646057128905,0.639964334160498
147456000,23.668592052459715,0.6243910547833296
